{
  "dataset_path": "C:\\Users\\cheny\\Downloads\\project\\obesity_questionnaire_dataset.csv",
  "rows": 2087,
  "features_used": [
    "Gender",
    "Age",
    "family_history_with_overweight",
    "FAVC",
    "FCVC",
    "NCP",
    "CAEC",
    "SMOKE",
    "CH2O",
    "SCC",
    "FAF",
    "TUE",
    "CALC"
  ],
  "best_model": "HistGradientBoosting",
  "model_metrics": {
    "Random Forest": {
      "accuracy": 0.8325,
      "weighted_f1": 0.8317,
      "obesity_auc": 0.9809,
      "overweight_or_obesity_auc": 0.9682,
      "classification_report": {
        "Insufficient_Weight": {
          "precision": 0.8571428571428571,
          "recall": 0.9056603773584906,
          "f1-score": 0.8807339449541285,
          "support": 53.0
        },
        "Normal_Weight": {
          "precision": 0.6666666666666666,
          "recall": 0.7368421052631579,
          "f1-score": 0.7,
          "support": 57.0
        },
        "Obesity_Type_I": {
          "precision": 0.8405797101449275,
          "recall": 0.8285714285714286,
          "f1-score": 0.8345323741007195,
          "support": 70.0
        },
        "Obesity_Type_II": {
          "precision": 0.8769230769230769,
          "recall": 0.95,
          "f1-score": 0.912,
          "support": 60.0
        },
        "Obesity_Type_III": {
          "precision": 1.0,
          "recall": 0.9846153846153847,
          "f1-score": 0.9922480620155039,
          "support": 65.0
        },
        "Overweight_Level_I": {
          "precision": 0.8125,
          "recall": 0.7090909090909091,
          "f1-score": 0.7572815533980582,
          "support": 55.0
        },
        "Overweight_Level_II": {
          "precision": 0.7547169811320755,
          "recall": 0.6896551724137931,
          "f1-score": 0.7207207207207207,
          "support": 58.0
        },
        "accuracy": 0.8325358851674641,
        "macro avg": {
          "precision": 0.8297898988585148,
          "recall": 0.8292050539018805,
          "f1-score": 0.8282166650270186,
          "support": 418.0
        },
        "weighted avg": {
          "precision": 0.8333627288511036,
          "recall": 0.8325358851674641,
          "f1-score": 0.8317334366969423,
          "support": 418.0
        }
      }
    },
    "Extra Trees": {
      "accuracy": 0.8158,
      "weighted_f1": 0.8131,
      "obesity_auc": 0.9772,
      "overweight_or_obesity_auc": 0.9581,
      "classification_report": {
        "Insufficient_Weight": {
          "precision": 0.8421052631578947,
          "recall": 0.9056603773584906,
          "f1-score": 0.8727272727272727,
          "support": 53.0
        },
        "Normal_Weight": {
          "precision": 0.6909090909090909,
          "recall": 0.6666666666666666,
          "f1-score": 0.6785714285714286,
          "support": 57.0
        },
        "Obesity_Type_I": {
          "precision": 0.8055555555555556,
          "recall": 0.8285714285714286,
          "f1-score": 0.8169014084507042,
          "support": 70.0
        },
        "Obesity_Type_II": {
          "precision": 0.8636363636363636,
          "recall": 0.95,
          "f1-score": 0.9047619047619048,
          "support": 60.0
        },
        "Obesity_Type_III": {
          "precision": 0.9846153846153847,
          "recall": 0.9846153846153847,
          "f1-score": 0.9846153846153847,
          "support": 65.0
        },
        "Overweight_Level_I": {
          "precision": 0.75,
          "recall": 0.7090909090909091,
          "f1-score": 0.7289719626168224,
          "support": 55.0
        },
        "Overweight_Level_II": {
          "precision": 0.7254901960784313,
          "recall": 0.6379310344827587,
          "f1-score": 0.6788990825688074,
          "support": 58.0
        },
        "accuracy": 0.8157894736842105,
        "macro avg": {
          "precision": 0.8089016934218174,
          "recall": 0.8117908286836626,
          "f1-score": 0.8093497777589036,
          "support": 418.0
        },
        "weighted avg": {
          "precision": 0.8123179406909241,
          "recall": 0.8157894736842105,
          "f1-score": 0.8130897954385082,
          "support": 418.0
        }
      }
    },
    "HistGradientBoosting": {
      "accuracy": 0.8469,
      "weighted_f1": 0.8471,
      "obesity_auc": 0.9818,
      "overweight_or_obesity_auc": 0.9713,
      "classification_report": {
        "Insufficient_Weight": {
          "precision": 0.8275862068965517,
          "recall": 0.9056603773584906,
          "f1-score": 0.8648648648648649,
          "support": 53.0
        },
        "Normal_Weight": {
          "precision": 0.65625,
          "recall": 0.7368421052631579,
          "f1-score": 0.6942148760330579,
          "support": 57.0
        },
        "Obesity_Type_I": {
          "precision": 0.8472222222222222,
          "recall": 0.8714285714285714,
          "f1-score": 0.8591549295774648,
          "support": 70.0
        },
        "Obesity_Type_II": {
          "precision": 0.9180327868852459,
          "recall": 0.9333333333333333,
          "f1-score": 0.9256198347107438,
          "support": 60.0
        },
        "Obesity_Type_III": {
          "precision": 1.0,
          "recall": 0.9846153846153847,
          "f1-score": 0.9922480620155039,
          "support": 65.0
        },
        "Overweight_Level_I": {
          "precision": 0.8163265306122449,
          "recall": 0.7272727272727273,
          "f1-score": 0.7692307692307693,
          "support": 55.0
        },
        "Overweight_Level_II": {
          "precision": 0.86,
          "recall": 0.7413793103448276,
          "f1-score": 0.7962962962962963,
          "support": 58.0
        },
        "accuracy": 0.84688995215311,
        "macro avg": {
          "precision": 0.8464882495166093,
          "recall": 0.842933115659499,
          "f1-score": 0.8430899475326716,
          "support": 418.0
        },
        "weighted avg": {
          "precision": 0.8503200978896197,
          "recall": 0.84688995215311,
          "f1-score": 0.8470696709298433,
          "support": 418.0
        }
      }
    },
    "XGBoost": {
      "accuracy": 0.8206,
      "weighted_f1": 0.8196,
      "obesity_auc": 0.9785,
      "overweight_or_obesity_auc": 0.9674,
      "classification_report": {
        "Insufficient_Weight": {
          "precision": 0.8070175438596491,
          "recall": 0.8679245283018868,
          "f1-score": 0.8363636363636363,
          "support": 53.0
        },
        "Normal_Weight": {
          "precision": 0.6206896551724138,
          "recall": 0.631578947368421,
          "f1-score": 0.6260869565217392,
          "support": 57.0
        },
        "Obesity_Type_I": {
          "precision": 0.8309859154929577,
          "recall": 0.8428571428571429,
          "f1-score": 0.8368794326241135,
          "support": 70.0
        },
        "Obesity_Type_II": {
          "precision": 0.8484848484848485,
          "recall": 0.9333333333333333,
          "f1-score": 0.8888888888888888,
          "support": 60.0
        },
        "Obesity_Type_III": {
          "precision": 1.0,
          "recall": 0.9846153846153847,
          "f1-score": 0.9922480620155039,
          "support": 65.0
        },
        "Overweight_Level_I": {
          "precision": 0.7884615384615384,
          "recall": 0.7454545454545455,
          "f1-score": 0.7663551401869159,
          "support": 55.0
        },
        "Overweight_Level_II": {
          "precision": 0.82,
          "recall": 0.7068965517241379,
          "f1-score": 0.7592592592592593,
          "support": 58.0
        },
        "accuracy": 0.8205741626794258,
        "macro avg": {
          "precision": 0.8165199287816297,
          "recall": 0.8160943476649789,
          "f1-score": 0.8151544822657225,
          "support": 418.0
        },
        "weighted avg": {
          "precision": 0.820944329613329,
          "recall": 0.8205741626794258,
          "f1-score": 0.8196454943644936,